Filename,headX,headY,tailX,tailY
daf_5_1,190,272,256,127
daf_5_2,188,274,256,124
daf_5_3,191,272,256,127
daf_5_4,192,276,260,131
daf_5_5,187,278,256,134
daf_5_6,187,279,256,134
daf_5_7,188,282,258,140
daf_5_8,186,281,257,140
daf_5_9,186,281,258,144
daf_5_10,183,281,258,144
daf_5_11,186,282,259,142
daf_5_12,185,281,260,140
daf_5_13,186,281,259,137
daf_5_14,187,282,258,140
daf_5_15,185,280,255,134
daf_5_16,185,279,251,129
daf_5_17,189,278,251,129
daf_5_18,192,275,245,122
daf_5_19,203,267,235,120
daf_5_20,206,264,231,117
daf_5_21,211,263,229,114
daf_5_22,218,258,228,110
daf_5_23,224,258,227,104
daf_5_24,223,256,224,105
daf_5_25,228,248,221,100
daf_5_26,229,250,223,102
daf_5_27,231,252,225,103
daf_5_28,230,247,223,101
daf_5_29,226,247,221,100
daf_5_30,227,251,221,97
daf_5_31,225,250,222,99
daf_5_32,225,253,224,96
daf_5_33,226,253,225,97
daf_5_34,223,251,222,95
daf_5_35,222,253,221,96
daf_5_36,229,257,220,95
daf_5_37,232,255,224,96
daf_5_38,232,253,222,99
daf_5_39,230,254,224,97
daf_5_40,239,248,225,99
daf_5_41,242,249,223,99
daf_5_42,248,252,228,104
daf_5_43,252,257,226,101
daf_5_44,245,259,227,106
daf_5_45,238,262,227,106
daf_5_46,237,262,225,100
daf_5_47,236,263,226,101
daf_5_48,240,266,228,104
daf_5_49,242,263,225,106
daf_5_50,243,264,227,103
daf_5_51,239,266,228,102
daf_5_52,232,266,228,104
daf_5_53,232,266,225,105
daf_5_54,234,264,227,107
daf_5_55,233,265,226,103
daf_5_56,229,268,227,107
daf_5_57,228,265,228,103
daf_5_58,228,267,226,100
daf_5_59,229,270,229,106
daf_5_60,231,270,227,102
daf_5_61,229,270,227,106
daf_5_62,228,269,226,106
daf_5_63,232,271,225,104
daf_5_64,233,273,229,106
daf_5_65,234,270,226,104
daf_5_66,229,270,227,103
daf_5_67,232,268,226,102
daf_5_68,231,269,226,107
daf_5_69,229,272,230,104
daf_5_70,230,270,226,103
daf_5_71,228,270,226,104
daf_5_72,231,270,228,106
daf_5_73,233,272,227,103
daf_5_74,232,270,226,105
daf_5_75,232,266,225,101
daf_5_76,234,260,227,99
daf_5_77,233,255,227,96
daf_5_78,233,250,227,92
daf_5_79,233,242,233,88
daf_5_80,237,239,234,85
daf_5_81,236,242,239,87
daf_5_82,231,232,245,81
daf_5_83,230,229,240,80
daf_5_84,229,258,240,104
daf_5_85,225,254,247,103
daf_5_86,225,249,249,100
daf_5_87,225,245,248,97
daf_5_88,211,243,249,95
daf_5_89,212,245,249,98
daf_5_90,212,248,250,99
daf_5_91,208,247,246,101
daf_5_92,204,245,243,98
daf_5_93,199,241,243,103
daf_5_94,197,233,238,105
daf_5_95,194,234,237,109
daf_5_96,193,235,233,111
daf_5_97,193,226,231,117
daf_5_98,191,224,229,117
daf_5_99,186,225,228,120
daf_5_100,178,227,227,122
daf_5_101,177,230,224,121
daf_5_102,173,232,223,123
daf_5_103,176,240,224,124
daf_5_104,174,243,226,125
daf_5_105,174,248,223,125
daf_5_106,171,252,224,125
daf_5_107,172,253,229,133
daf_5_108,174,259,226,131
daf_5_109,176,263,228,134
daf_5_110,176,266,232,138
daf_5_111,176,267,227,136
daf_5_112,183,273,235,139
daf_5_113,200,249,246,117
daf_5_114,202,246,249,117
daf_5_115,210,248,253,123
daf_5_116,215,254,256,127
daf_5_117,213,254,260,130
daf_5_118,219,259,262,130
daf_5_119,221,255,266,137
daf_5_120,230,259,263,140
daf_5_121,234,268,268,149
daf_5_122,233,269,264,151
daf_5_123,254,248,283,131
daf_5_124,252,250,278,129
daf_5_125,253,252,283,131
daf_5_126,253,253,281,128
daf_5_127,253,250,284,129
daf_5_128,251,253,279,131
daf_5_129,250,255,279,132
daf_5_130,250,258,281,135
daf_5_131,249,255,279,137
daf_5_132,244,259,276,136
daf_5_133,243,261,280,140
daf_5_134,245,264,278,140
daf_5_135,242,263,276,140
daf_5_136,236,263,275,140
daf_5_137,231,263,273,144
daf_5_138,230,267,276,142
daf_5_139,233,272,273,144
daf_5_140,233,269,275,146
daf_5_141,230,273,275,143
daf_5_142,233,270,277,143
daf_5_143,234,270,277,144
daf_5_144,233,272,273,141
daf_5_145,237,277,277,141
daf_5_146,236,276,276,144
daf_5_147,233,276,272,141
daf_5_148,238,278,278,143
daf_5_149,237,277,274,141
daf_5_150,241,276,279,139
daf_5_151,241,276,274,142
daf_5_152,241,276,276,143
daf_5_153,238,279,275,141
daf_5_154,239,279,273,142
daf_5_155,238,277,275,141
daf_5_156,239,279,280,139
daf_5_157,241,280,275,143
daf_5_158,240,278,275,144
daf_5_159,240,278,274,140
daf_5_160,241,279,274,140
daf_5_161,241,279,274,142
daf_5_162,241,277,279,139
daf_5_163,240,280,275,139
daf_5_164,241,274,277,142
daf_5_165,242,280,277,140
daf_5_166,240,278,277,140
daf_5_167,240,278,276,140
daf_5_168,241,278,277,141
daf_5_169,242,280,279,139
daf_5_170,241,278,277,136
daf_5_171,241,277,279,137
daf_5_172,242,278,278,141
daf_5_173,241,278,278,140
daf_5_174,242,277,277,142
daf_5_175,242,279,277,138
daf_5_176,242,274,279,138
daf_5_177,240,274,276,138
daf_5_178,241,276,277,140
daf_5_179,241,275,279,135
daf_5_180,241,274,278,138
daf_5_181,241,277,280,136
daf_5_182,243,277,278,140
daf_5_183,242,273,275,142
daf_5_184,244,274,276,144
daf_5_185,244,274,278,147
daf_5_186,244,276,274,149
daf_5_187,244,277,272,149
daf_5_188,243,275,274,147
daf_5_189,242,273,271,146
daf_5_190,244,268,277,140
daf_5_191,241,267,280,134
daf_5_192,246,263,281,134
daf_5_193,245,251,285,121
daf_5_194,245,250,286,117
daf_5_195,244,246,289,115
daf_5_196,242,237,298,111
daf_5_197,240,236,296,108
daf_5_198,239,234,299,110
daf_5_199,238,231,298,110
daf_5_200,236,234,297,107
daf_7_1,305,133,177,167
daf_7_2,305,132,176,164
daf_7_3,289,132,171,162
daf_7_4,280,135,161,164
daf_7_5,278,139,161,169
daf_7_6,272,145,161,173
daf_7_7,255,148,163,170
daf_7_8,255,136,164,168
daf_7_9,258,127,170,164
daf_7_10,264,123,171,165
daf_7_11,255,127,169,164
daf_7_12,257,133,163,170
daf_7_13,277,152,155,191
daf_7_14,270,162,145,201
daf_7_15,273,168,146,198
daf_7_16,290,192,154,192
daf_7_17,292,206,154,192
daf_7_18,289,214,160,196
daf_7_19,284,228,173,197
daf_7_20,286,240,179,191
daf_7_21,297,245,178,190
daf_7_22,316,247,188,179
daf_7_23,322,237,190,173
daf_7_24,333,236,203,169
daf_7_25,310,208,184,146
daf_7_26,315,196,192,149
daf_7_27,330,198,205,154
daf_7_28,338,211,213,155
daf_7_29,306,202,191,139
daf_7_30,309,209,193,142
daf_7_31,315,204,188,143
daf_7_32,306,193,178,144
daf_7_33,305,181,173,140
daf_7_34,302,202,183,143
daf_7_35,297,211,193,142
daf_7_36,289,219,197,142
daf_7_37,296,224,194,142
daf_7_38,286,222,196,143
daf_7_39,279,224,205,149
daf_7_40,275,243,209,154
daf_7_41,275,251,213,162
daf_7_42,268,250,214,164
daf_7_43,277,263,219,168
daf_7_44,282,266,218,168
daf_7_45,270,262,216,168
daf_7_46,247,250,210,167
daf_7_47,230,238,191,151
daf_7_48,244,243,190,150
daf_7_49,260,247,191,148
daf_7_50,260,249,188,147
daf_7_51,263,248,189,151
daf_7_52,273,255,191,153
daf_7_53,267,250,186,146
daf_7_54,264,246,188,147
daf_7_55,258,240,188,135
daf_7_56,245,229,184,131
daf_7_57,235,221,181,127
daf_7_58,232,232,187,136
daf_7_59,246,248,187,142
daf_7_60,254,250,191,152
daf_7_61,274,253,192,158
daf_7_62,274,251,196,158
daf_7_63,274,256,198,159
daf_7_64,282,252,197,159
daf_7_65,284,243,198,164
daf_7_66,288,244,200,162
daf_7_67,300,261,207,165
daf_7_68,303,264,207,164
daf_7_69,298,272,212,164
daf_7_70,278,251,201,133
daf_7_71,282,260,203,138
daf_7_72,287,262,210,139
daf_7_73,300,262,215,137
daf_7_74,311,255,224,138
daf_7_75,316,254,226,141
daf_7_76,311,230,220,119
daf_7_77,315,230,217,121
daf_7_78,320,233,222,126
daf_7_79,327,245,219,139
daf_7_80,331,247,220,138
daf_7_81,334,240,217,141
daf_7_82,346,228,215,148
daf_7_83,322,201,195,137
daf_7_84,312,188,192,132
daf_7_85,324,181,196,138
daf_7_86,333,182,198,146
daf_7_87,337,185,201,142
daf_7_88,326,170,202,147
daf_7_89,314,167,204,148
daf_7_90,306,159,208,155
daf_7_91,280,144,182,153
daf_7_92,280,135,182,153
daf_7_93,290,134,181,154
daf_7_94,294,137,187,158
daf_7_95,302,136,188,161
daf_7_96,310,134,192,165
daf_7_97,324,137,201,171
daf_7_98,328,132,207,175
daf_7_99,326,130,205,177
daf_7_100,313,121,187,190
daf_7_101,308,119,196,196
daf_7_102,304,109,197,201
daf_7_103,307,95,208,203
daf_7_104,310,90,212,207
daf_7_105,316,95,214,206
daf_7_106,320,97,210,205
daf_7_107,307,106,206,201
daf_7_108,309,118,194,194
daf_7_109,305,137,182,190
daf_7_110,303,152,185,188
daf_7_111,305,150,181,191
daf_7_112,300,165,186,191
daf_7_113,308,169,195,191
daf_7_114,307,171,198,196
daf_7_115,310,179,203,198
daf_7_116,317,175,202,198
daf_7_117,323,175,205,203
daf_7_118,320,171,201,199
daf_7_119,315,170,197,197
daf_7_120,302,161,183,193
daf_7_121,287,146,173,190
daf_7_122,285,139,165,187
daf_7_123,280,139,161,192
daf_7_124,274,136,158,198
daf_7_125,267,145,152,205
daf_7_126,267,151,148,206
daf_7_127,268,152,142,203
daf_7_128,260,154,143,202
daf_7_129,258,161,137,201
daf_7_130,285,149,165,190
daf_7_131,291,156,162,186
daf_7_132,293,150,159,186
daf_7_133,288,156,162,188
daf_7_134,284,154,163,187
daf_7_135,284,160,159,185
daf_7_136,288,156,161,185
daf_7_137,296,150,159,186
daf_7_138,306,150,168,190
daf_7_139,316,157,180,190
daf_7_140,323,148,183,188
daf_7_141,327,140,188,188
daf_7_142,319,125,191,184
daf_7_143,317,122,194,185
daf_7_144,292,129,171,189
daf_7_145,277,123,179,188
daf_7_146,273,122,180,187
daf_7_147,266,125,189,191
daf_7_148,270,112,190,189
daf_7_149,272,107,188,189
daf_7_150,278,102,191,193
daf_7_151,283,101,193,193
daf_7_152,284,101,193,193
daf_7_153,293,98,193,190
daf_7_154,298,92,198,193
daf_7_155,303,97,199,196
daf_7_156,306,98,204,197
daf_7_157,316,104,207,199
daf_7_158,316,98,214,198
daf_7_159,319,94,214,198
daf_7_160,289,119,182,226
daf_7_161,289,122,184,227
daf_7_162,283,125,178,229
daf_7_163,273,126,171,223
daf_7_164,266,126,167,221
daf_7_165,256,128,161,223
daf_7_166,253,134,152,219
daf_7_167,247,136,152,219
daf_7_168,250,135,155,220
daf_7_169,247,140,151,221
daf_7_170,242,153,149,220
daf_7_171,240,143,149,218
daf_7_172,261,155,138,222
daf_7_173,269,164,141,224
daf_7_174,278,176,139,224
daf_7_175,281,178,142,223
daf_7_176,274,175,133,229
daf_7_177,289,149,161,209
daf_7_178,267,154,146,218
daf_7_179,266,157,138,217
daf_7_180,283,150,165,201
daf_7_181,283,160,163,186
daf_7_182,285,176,159,178
daf_7_183,283,192,160,174
daf_7_184,266,209,158,176
daf_7_185,254,214,159,181
daf_7_186,241,210,159,187
daf_7_187,219,216,171,201
daf_7_188,210,234,177,204
daf_7_189,208,241,187,201
daf_7_190,215,266,201,188
daf_7_191,226,272,210,181
daf_7_192,224,282,216,176
daf_7_193,208,259,228,141
daf_7_194,202,259,228,142
daf_7_195,216,263,229,140
daf_7_196,223,238,213,117
daf_7_197,216,223,220,106
daf_7_198,215,200,225,101
daf_7_199,227,171,218,103
daf_7_200,240,162,210,118
egl_8_1,302,143,244,236
egl_8_2,299,144,245,235
egl_8_3,293,162,247,249
egl_8_4,289,172,249,264
egl_8_5,285,183,248,262
egl_8_6,277,187,251,260
egl_8_7,272,198,250,260
egl_8_8,269,202,250,256
egl_8_9,269,209,250,255
egl_8_10,280,211,253,246
egl_8_11,288,209,250,241
egl_8_12,305,203,240,231
egl_8_13,311,189,225,227
egl_8_14,314,199,236,231
egl_8_15,315,200,234,232
egl_8_16,316,200,233,232
egl_8_17,318,203,239,233
egl_8_18,316,203,234,232
egl_8_19,315,192,222,227
egl_8_20,309,180,211,219
egl_8_21,300,170,204,211
egl_8_22,288,169,200,198
egl_8_23,286,168,198,194
egl_8_24,285,168,199,193
egl_8_25,254,161,166,185
egl_8_26,255,149,170,183
egl_8_27,259,136,170,178
egl_8_28,268,129,177,169
egl_8_29,276,117,186,162
egl_8_30,285,110,195,163
egl_8_31,296,109,204,163
egl_8_32,307,102,216,168
egl_8_33,312,90,224,175
egl_8_34,281,96,202,204
egl_8_35,273,85,209,217
egl_8_36,252,75,228,230
egl_8_37,221,119,227,251
egl_8_38,216,133,229,238
egl_8_39,215,176,225,256
egl_8_40,212,188,219,243
egl_8_41,196,203,220,226
egl_8_42,173,210,233,210
egl_8_43,155,209,246,194
egl_8_44,139,207,260,182
egl_8_45,155,229,296,171
egl_8_46,159,255,288,147
egl_8_47,197,258,299,124
egl_8_48,211,258,285,132
egl_8_49,219,267,279,140
egl_8_50,234,275,294,146
egl_8_51,214,284,278,152
egl_8_52,216,265,272,127
egl_8_53,207,281,258,129
egl_8_54,206,296,243,130
egl_8_55,225,281,236,106
egl_8_56,235,290,228,120
egl_8_57,253,265,232,106
egl_8_58,262,272,238,116
egl_8_59,262,288,246,126
egl_8_60,263,272,256,104
egl_8_61,255,288,261,115
egl_8_62,246,299,260,135
egl_8_63,237,279,252,114
egl_8_64,236,295,244,121
egl_8_65,258,286,217,112
egl_8_66,270,289,218,135
egl_8_67,283,254,218,113
egl_8_68,298,261,232,124
egl_8_69,299,249,234,103
egl_8_70,303,268,242,117
egl_8_71,295,284,245,135
egl_8_72,277,266,223,117
egl_8_73,279,280,223,124
egl_8_74,285,293,212,137
egl_8_75,301,268,189,139
egl_8_76,314,270,202,151
egl_8_77,295,237,185,123
egl_8_78,268,243,165,93
egl_8_79,257,237,169,86
egl_8_80,257,234,171,79
egl_8_81,254,236,172,80
egl_8_82,258,234,169,79
egl_8_83,270,231,166,85
egl_8_84,283,228,169,105
egl_8_85,293,227,172,114
egl_8_86,301,221,178,120
egl_8_87,310,227,185,125
egl_8_88,316,230,190,123
egl_8_89,321,240,199,129
egl_8_90,325,245,211,128
egl_8_91,329,259,217,133
egl_8_92,327,270,228,136
egl_8_93,302,248,205,111
egl_8_94,309,258,211,121
egl_8_95,325,264,213,129
egl_8_96,338,260,214,144
egl_8_97,331,213,177,140
egl_8_98,339,211,185,152
egl_8_99,357,214,193,160
egl_8_100,333,200,172,147
egl_8_101,342,210,180,144
egl_8_102,353,224,199,146
egl_8_103,328,222,183,140
egl_8_104,342,230,191,148
egl_8_105,355,232,195,160
egl_8_106,337,210,168,164
egl_8_107,344,193,182,176
egl_8_108,318,167,165,171
egl_8_109,325,159,171,169
egl_8_110,333,159,177,167
egl_8_111,336,164,182,167
egl_8_112,347,174,182,165
egl_8_113,356,179,190,161
egl_8_114,330,185,161,157
egl_8_115,334,186,162,159
egl_8_116,335,180,164,160
egl_8_117,323,169,148,165
egl_8_118,301,166,132,168
egl_8_119,290,175,116,162
egl_8_120,304,200,135,144
egl_8_121,306,213,141,143
egl_8_122,295,207,133,152
egl_8_123,284,209,134,149
egl_8_124,281,214,133,148
egl_8_125,277,219,140,142
egl_8_126,279,230,143,141
egl_8_127,288,236,149,140
egl_8_128,296,234,157,145
egl_8_129,302,232,154,148
egl_8_130,310,223,160,147
egl_8_131,323,210,166,155
egl_8_132,327,204,171,163
egl_8_133,336,196,174,166
egl_8_134,343,200,176,167
egl_8_135,337,208,171,158
egl_8_136,328,223,159,149
egl_8_137,306,221,144,140
egl_8_138,295,213,137,143
egl_8_139,292,207,127,151
egl_8_140,316,209,153,172
egl_8_141,309,199,149,179
egl_8_142,302,202,147,181
egl_8_143,300,217,152,167
egl_8_144,294,227,158,160
egl_8_145,288,240,168,153
egl_8_146,298,249,175,152
egl_8_147,308,255,180,155
egl_8_148,320,256,187,156
egl_8_149,330,251,190,161
egl_8_150,304,228,164,144
egl_8_151,311,225,170,152
egl_8_152,324,224,173,159
egl_8_153,325,228,174,157
egl_8_154,330,232,180,159
egl_8_155,332,242,175,158
egl_8_156,332,254,184,162
egl_8_157,330,263,191,165
egl_8_158,293,257,165,145
egl_8_159,286,269,174,151
egl_8_160,283,272,182,146
egl_8_161,287,288,192,144
egl_8_162,300,298,208,142
egl_8_163,285,265,189,116
egl_8_164,304,259,199,133
egl_8_165,298,203,197,121
egl_8_166,310,206,200,126
egl_8_167,312,212,199,123
egl_8_168,301,212,191,115
egl_8_169,292,227,189,101
egl_8_170,274,240,187,81
egl_8_171,253,237,189,67
egl_8_172,261,256,204,85
egl_8_173,261,241,195,79
egl_8_174,264,229,180,77
egl_8_175,288,243,181,122
egl_8_176,284,224,175,135
egl_8_177,272,213,164,146
egl_8_178,280,242,172,180
egl_8_179,264,232,152,171
egl_8_180,249,215,133,158
egl_8_181,282,217,149,171
egl_8_182,283,204,138,175
egl_8_183,288,184,133,185
egl_8_184,315,168,163,202
egl_8_185,304,160,173,215
egl_8_186,294,159,184,224
egl_8_187,302,173,225,247
egl_8_188,288,188,218,263
egl_8_189,272,194,204,272
egl_8_190,258,191,196,281
egl_8_191,256,195,198,280
egl_8_192,254,200,203,275
egl_8_193,248,207,205,272
egl_8_194,244,211,214,267
egl_8_195,252,220,222,258
egl_8_196,263,227,224,252
egl_8_197,273,227,224,243
egl_8_198,286,223,218,233
egl_8_199,292,215,208,223
egl_8_200,299,212,205,216
N2_1,292,120,213,262
N2_2,289,120,214,264
N2_3,299,125,211,262
N2_4,295,122,209,262
N2_5,297,120,204,261
N2_6,296,118,202,259
N2_7,300,121,199,255
N2_8,297,118,200,257
N2_9,298,110,195,248
N2_10,292,100,196,244
N2_11,291,92,196,238
N2_12,295,90,197,238
N2_13,280,86,202,233
N2_14,285,77,200,228
N2_15,290,75,201,230
N2_16,304,75,201,227
N2_17,301,70,200,230
N2_18,305,69,205,231
N2_19,306,67,199,229
N2_20,303,67,202,231
N2_21,306,67,201,230
N2_22,304,67,201,230
N2_23,303,65,202,231
N2_24,305,68,198,230
N2_25,294,78,196,238
N2_26,296,87,196,245
N2_27,296,95,197,249
N2_28,292,106,203,259
N2_29,298,112,202,258
N2_30,305,112,203,257
N2_31,306,116,201,256
N2_32,306,116,201,256
N2_33,304,122,200,257
N2_34,309,138,199,248
N2_35,315,134,197,250
N2_36,315,131,198,245
N2_37,303,130,202,257
N2_38,306,131,200,258
N2_39,308,124,201,256
N2_40,309,126,201,256
N2_41,307,126,201,257
N2_42,309,127,200,258
N2_43,309,125,200,258
N2_44,308,125,202,255
N2_45,308,128,199,257
N2_46,310,122,205,260
N2_47,312,121,202,258
N2_48,313,123,202,261
N2_49,311,123,201,257
N2_50,310,126,204,258
N2_51,311,124,203,256
N2_52,307,120,203,257
N2_53,309,121,203,260
N2_54,308,126,201,260
N2_55,307,120,201,258
N2_56,309,120,201,255
N2_57,307,113,200,258
N2_58,303,107,199,254
N2_59,300,105,203,254
N2_60,304,106,202,254
N2_61,301,103,198,251
N2_62,296,98,197,243
N2_63,292,94,200,245
N2_64,297,90,199,244
N2_65,292,83,199,240
N2_66,292,85,196,239
N2_67,285,81,201,235
N2_68,290,79,199,232
N2_69,290,74,196,235
N2_70,298,93,197,248
N2_71,296,102,200,255
N2_72,295,110,208,261
N2_73,289,121,222,267
N2_74,280,126,224,271
N2_75,267,124,227,272
N2_76,270,131,226,279
N2_77,274,133,225,273
N2_78,284,134,226,278
N2_79,283,136,225,278
N2_80,281,139,226,275
N2_81,280,146,225,273
N2_82,285,149,220,271
N2_83,292,151,216,266
N2_84,290,155,218,267
N2_85,288,161,206,258
N2_86,297,168,202,258
N2_87,300,167,202,259
N2_88,305,168,205,255
N2_89,305,165,203,259
N2_90,306,163,204,258
N2_91,312,164,201,254
N2_92,317,164,203,252
N2_93,315,165,196,242
N2_94,307,174,198,238
N2_95,307,176,198,237
N2_96,317,181,205,232
N2_97,332,172,205,227
N2_98,334,165,209,218
N2_99,336,161,206,221
N2_100,339,156,220,217
N2_101,339,146,223,214
N2_102,316,162,201,229
N2_103,322,164,195,228
N2_104,330,166,201,227
N2_105,332,168,196,228
N2_106,340,165,202,226
N2_107,342,167,202,225
N2_108,344,178,204,221
N2_109,353,179,209,217
N2_110,355,184,207,215
N2_111,357,187,207,217
N2_112,357,186,210,206
N2_113,344,199,186,211
N2_114,332,198,181,211
N2_115,339,205,179,202
N2_116,344,205,181,201
N2_117,347,204,183,200
N2_118,352,203,179,193
N2_119,351,200,180,200
N2_120,349,202,181,198
N2_121,356,198,181,197
N2_122,354,204,181,197
N2_123,352,201,182,201
N2_124,355,202,182,197
N2_125,350,202,183,199
N2_126,352,202,178,195
N2_127,351,203,184,202
N2_128,351,205,182,197
N2_129,352,203,184,201
N2_130,352,201,181,200
N2_131,346,199,181,194
N2_132,351,203,181,201
N2_133,351,206,182,201
N2_134,348,209,182,200
N2_135,339,204,180,205
N2_136,330,189,181,214
N2_137,330,185,181,222
N2_138,328,183,179,220
N2_139,322,172,179,228
N2_140,316,168,178,230
N2_141,311,167,177,230
N2_142,313,155,175,232
N2_143,315,157,180,230
N2_144,317,154,181,228
N2_145,314,158,182,220
N2_146,323,159,182,218
N2_147,333,161,182,219
N2_148,331,150,177,210
N2_149,330,148,180,208
N2_150,340,149,185,208
N2_151,342,161,186,197
N2_152,347,170,185,192
N2_153,347,179,182,183
N2_154,355,179,188,178
N2_155,344,181,173,180
N2_156,338,178,158,183
N2_157,338,167,163,178
N2_158,340,162,172,176
N2_159,334,152,180,180
N2_160,342,150,182,179
N2_161,341,148,183,178
N2_162,334,143,190,177
N2_163,306,141,157,188
N2_164,296,136,160,185
N2_165,300,129,160,191
N2_166,301,115,173,194
N2_167,297,119,175,190
N2_168,300,114,175,193
N2_169,303,120,176,197
N2_170,301,109,180,190
N2_171,307,110,173,193
N2_172,308,106,178,194
N2_173,304,107,176,191
N2_174,299,113,172,192
N2_175,304,126,171,188
N2_176,306,149,160,182
N2_177,311,135,156,182
N2_178,320,136,153,184
N2_179,329,137,158,181
N2_180,331,129,161,184
N2_181,333,131,165,183
N2_182,338,135,162,185
N2_183,338,146,165,185
N2_184,345,152,177,190
N2_185,342,159,176,194
N2_186,346,166,184,193
N2_187,318,184,162,208
N2_188,316,189,168,206
N2_189,315,192,173,207
N2_190,320,201,178,202
N2_191,321,201,178,203
N2_192,324,203,181,201
N2_193,321,208,172,202
N2_194,323,205,173,204
N2_195,325,203,182,203
N2_196,326,204,175,205
N2_197,324,205,178,203
N2_198,334,200,181,198
N2_199,339,201,180,206
N2_200,339,202,185,206
ser_1_1,202,173,348,219
ser_1_2,199,174,345,221
ser_1_3,166,163,313,206
ser_1_4,169,173,314,209
ser_1_5,176,179,309,210
ser_1_6,178,181,307,208
ser_1_7,173,195,298,208
ser_1_8,167,202,292,210
ser_1_9,155,206,285,211
ser_1_10,149,201,275,212
ser_1_11,171,200,295,205
ser_1_12,172,192,305,203
ser_1_13,171,193,303,208
ser_1_14,164,192,298,208
ser_1_15,154,189,293,208
ser_1_16,151,196,294,210
ser_1_17,144,200,283,212
ser_1_18,138,208,277,211
ser_1_19,137,213,277,212
ser_1_20,166,215,307,213
ser_1_21,168,213,310,213
ser_1_22,173,210,313,211
ser_1_23,187,198,327,204
ser_1_24,216,171,363,208
ser_1_25,200,162,340,210
ser_1_26,200,149,338,213
ser_1_27,195,140,339,213
ser_1_28,190,144,338,215
ser_1_29,191,162,335,203
ser_1_30,193,171,332,199
ser_1_31,180,176,327,200
ser_1_32,170,176,325,200
ser_1_33,169,175,323,202
ser_1_34,164,167,320,202
ser_1_35,161,158,313,202
ser_1_36,160,150,311,202
ser_1_37,157,138,307,203
ser_1_38,153,141,303,202
ser_1_39,152,125,293,202
ser_1_40,145,124,292,202
ser_1_41,140,128,294,205
ser_1_42,136,131,289,207
ser_1_43,128,132,288,202
ser_1_44,123,142,280,205
ser_1_45,153,159,305,217
ser_1_46,150,160,307,215
ser_1_47,151,166,298,217
ser_1_48,136,168,295,218
ser_1_49,134,163,298,215
ser_1_50,132,157,292,217
ser_1_51,128,163,297,217
ser_1_52,127,163,291,215
ser_1_53,147,158,309,213
ser_1_54,162,154,317,200
ser_1_55,172,154,324,196
ser_1_56,172,154,327,198
ser_1_57,183,138,321,207
ser_1_58,186,124,312,208
ser_1_59,184,118,307,216
ser_1_60,179,115,307,215
ser_1_61,176,112,294,214
ser_1_62,172,111,295,215
ser_1_63,166,114,292,215
ser_1_64,160,102,292,212
ser_1_65,161,102,287,208
ser_1_66,167,89,281,204
ser_1_67,167,88,280,202
ser_1_68,163,90,280,203
ser_1_69,161,99,276,202
ser_1_70,154,109,280,202
ser_1_71,149,108,279,200
ser_1_72,150,110,283,206
ser_1_73,154,111,282,210
ser_1_74,152,111,284,204
ser_1_75,146,108,278,209
ser_1_76,145,107,282,204
ser_1_77,150,107,283,211
ser_1_78,179,126,312,212
ser_1_79,181,136,325,202
ser_1_80,181,153,332,198
ser_1_81,181,162,339,195
ser_1_82,188,163,341,197
ser_1_83,167,151,319,187
ser_1_84,163,145,315,188
ser_1_85,159,142,314,190
ser_1_86,155,141,307,189
ser_1_87,170,130,302,193
ser_1_88,181,124,294,198
ser_1_89,177,118,298,198
ser_1_90,170,113,292,201
ser_1_91,164,110,291,200
ser_1_92,162,105,285,202
ser_1_93,150,103,287,207
ser_1_94,183,115,308,217
ser_1_95,177,116,315,221
ser_1_96,181,123,303,218
ser_1_97,158,124,302,221
ser_1_98,161,122,296,218
ser_1_99,158,116,293,221
ser_1_100,158,114,296,220
ser_1_101,168,103,297,216
ser_1_102,164,94,291,218
ser_1_103,164,98,293,216
ser_1_104,161,105,293,219
ser_1_105,171,116,313,213
ser_1_106,188,132,319,198
ser_1_107,191,158,345,194
ser_1_108,204,168,358,199
ser_1_109,194,164,339,199
ser_1_110,198,159,327,214
ser_1_111,214,164,326,234
ser_1_112,202,181,309,250
ser_1_113,208,194,318,249
ser_1_114,190,188,296,236
ser_1_115,182,185,295,239
ser_1_116,184,155,285,236
ser_1_117,193,152,275,236
ser_1_118,201,153,274,233
ser_1_119,205,155,270,230
ser_1_120,209,161,271,224
ser_1_121,342,176,181,165
ser_1_122,344,186,183,156
ser_1_123,346,202,191,149
ser_1_124,347,216,190,158
ser_1_125,350,208,200,166
ser_1_126,364,204,208,174
ser_1_127,332,182,180,170
ser_1_128,344,176,194,174
ser_1_129,350,189,194,167
ser_1_130,346,203,193,164
ser_1_131,361,205,207,162
ser_1_132,349,195,194,161
ser_1_133,358,191,193,164
ser_1_134,361,204,198,177
ser_1_135,337,219,180,181
ser_1_136,339,220,189,184
ser_1_137,333,233,193,189
ser_1_138,345,234,196,182
ser_1_139,336,225,183,177
ser_1_140,343,218,195,174
ser_1_141,360,216,201,170
ser_1_142,352,206,197,158
ser_1_143,349,219,189,163
ser_1_144,355,226,196,153
ser_1_145,353,218,191,153
ser_1_146,358,208,202,157
ser_1_147,355,194,199,146
ser_1_148,348,198,183,151
ser_1_149,365,219,195,169
ser_1_150,356,216,194,166
ser_1_151,332,222,169,168
ser_1_152,327,228,177,173
ser_1_153,343,237,194,177
ser_1_154,339,221,173,161
ser_1_155,338,214,185,161
ser_1_156,348,211,194,163
ser_1_157,368,214,200,167
ser_1_158,344,207,181,162
ser_1_159,345,230,195,167
ser_1_160,339,241,202,165
ser_1_161,319,242,183,155
ser_1_162,323,237,180,158
ser_1_163,324,237,178,151
ser_1_164,314,212,152,155
ser_1_165,308,200,138,142
ser_1_166,279,197,139,126
ser_1_167,266,200,130,101
ser_1_168,275,208,146,114
ser_1_169,267,184,124,126
ser_1_170,290,199,146,151
ser_1_171,280,215,154,142
ser_1_172,279,229,158,139
ser_1_173,269,237,164,136
ser_1_174,279,260,190,132
ser_1_175,291,264,188,136
ser_1_176,291,263,193,140
ser_1_177,302,276,196,145
ser_1_178,310,270,201,152
ser_1_179,322,277,204,163
ser_1_180,309,270,196,155
ser_1_181,287,237,182,119
ser_1_182,263,237,182,96
ser_1_183,252,224,176,90
ser_1_184,255,223,174,89
ser_1_185,259,224,176,89
ser_1_186,251,226,175,92
ser_1_187,244,220,178,94
ser_1_188,228,222,184,104
ser_1_189,225,248,183,120
ser_1_190,230,256,186,131
ser_1_191,237,264,186,134
ser_1_192,237,269,190,144
ser_1_193,237,277,193,145
ser_1_194,230,286,201,147
ser_1_195,224,287,208,149
ser_1_196,213,289,212,154
ser_1_197,206,297,222,153
ser_1_198,208,274,228,126
ser_1_199,222,291,243,128
ser_1_200,225,297,246,131
ser_4_1,321,239,186,163
ser_4_2,321,239,185,163
ser_4_3,320,241,188,161
ser_4_4,321,240,189,161
ser_4_5,321,235,187,162
ser_4_6,320,229,195,160
ser_4_7,321,223,201,154
ser_4_8,327,221,204,154
ser_4_9,325,220,201,156
ser_4_10,330,216,207,153
ser_4_11,332,214,213,156
ser_4_12,331,214,212,155
ser_4_13,304,190,179,135
ser_4_14,303,193,182,136
ser_4_15,303,193,178,134
ser_4_16,301,199,175,133
ser_4_17,301,197,172,132
ser_4_18,305,204,173,135
ser_4_19,304,204,168,134
ser_4_20,304,206,168,136
ser_4_21,306,203,168,136
ser_4_22,306,200,169,137
ser_4_23,304,203,163,136
ser_4_24,306,207,165,135
ser_4_25,305,206,174,133
ser_4_26,300,202,176,136
ser_4_27,306,200,174,134
ser_4_28,315,204,181,138
ser_4_29,318,206,187,136
ser_4_30,320,206,180,135
ser_4_31,322,202,184,138
ser_4_32,323,202,182,136
ser_4_33,323,204,187,138
ser_4_34,324,202,187,136
ser_4_35,316,201,180,135
ser_4_36,312,202,174,132
ser_4_37,297,206,167,134
ser_4_38,293,209,158,138
ser_4_39,294,220,156,144
ser_4_40,290,218,155,141
ser_4_41,288,216,150,145
ser_4_42,292,212,159,141
ser_4_43,301,227,162,138
ser_4_44,305,228,168,134
ser_4_45,309,224,167,137
ser_4_46,304,218,172,137
ser_4_47,305,211,178,134
ser_4_48,305,207,176,136
ser_4_49,297,198,186,141
ser_4_50,304,189,187,138
ser_4_51,306,187,185,139
ser_4_52,311,184,193,145
ser_4_53,320,186,189,147
ser_4_54,318,188,191,149
ser_4_55,321,185,194,151
ser_4_56,324,191,197,149
ser_4_57,326,190,196,151
ser_4_58,330,195,197,149
ser_4_59,327,195,195,149
ser_4_60,329,194,196,149
ser_4_61,331,195,195,151
ser_4_62,327,196,194,150
ser_4_63,325,199,193,146
ser_4_64,328,202,195,150
ser_4_65,334,208,199,155
ser_4_66,336,208,199,148
ser_4_67,329,214,198,155
ser_4_68,335,219,201,151
ser_4_69,334,219,204,156
ser_4_70,343,219,204,157
ser_4_71,346,216,202,156
ser_4_72,344,220,198,154
ser_4_73,317,215,184,151
ser_4_74,311,219,175,147
ser_4_75,318,224,182,154
ser_4_76,316,224,183,154
ser_4_77,325,225,187,151
ser_4_78,327,224,187,153
ser_4_79,326,223,187,156
ser_4_80,334,222,198,153
ser_4_81,332,223,194,155
ser_4_82,336,216,200,159
ser_4_83,344,222,196,156
ser_4_84,343,228,197,157
ser_4_85,342,234,204,159
ser_4_86,347,238,200,161
ser_4_87,342,234,201,159
ser_4_88,348,232,200,160
ser_4_89,333,226,190,146
ser_4_90,320,222,168,146
ser_4_91,314,217,168,144
ser_4_92,314,218,166,142
ser_4_93,306,213,161,138
ser_4_94,295,206,152,136
ser_4_95,290,209,149,140
ser_4_96,284,207,150,143
ser_4_97,288,207,154,140
ser_4_98,286,205,154,139
ser_4_99,288,205,154,143
ser_4_100,280,191,140,134
ser_4_101,278,186,137,132
ser_4_102,312,193,170,146
ser_4_103,318,190,169,145
ser_4_104,311,189,168,148
ser_4_105,319,195,166,150
ser_4_106,316,204,172,153
ser_4_107,315,210,178,153
ser_4_108,321,219,178,154
ser_4_109,325,222,189,152
ser_4_110,332,216,187,154
ser_4_111,332,218,193,152
ser_4_112,334,220,193,155
ser_4_113,333,225,195,157
ser_4_114,336,221,198,154
ser_4_115,328,227,203,156
ser_4_116,330,234,206,159
ser_4_117,330,236,211,162
ser_4_118,306,230,197,153
ser_4_119,294,233,184,155
ser_4_120,302,241,187,160
ser_4_121,313,245,188,157
ser_4_122,319,246,184,163
ser_4_123,323,238,192,165
ser_4_124,325,237,193,167
ser_4_125,325,230,193,172
ser_4_126,328,227,199,176
ser_4_127,335,225,197,173
ser_4_128,338,226,198,176
ser_4_129,342,226,201,174
ser_4_130,318,213,176,158
ser_4_131,315,219,172,160
ser_4_132,312,216,171,162
ser_4_133,315,218,167,156
ser_4_134,318,212,172,161
ser_4_135,315,217,163,161
ser_4_136,317,217,169,155
ser_4_137,318,219,167,159
ser_4_138,315,216,167,158
ser_4_139,310,214,163,154
ser_4_140,309,212,164,154
ser_4_141,297,213,160,145
ser_4_142,293,211,160,141
ser_4_143,282,211,155,136
ser_4_144,279,208,148,135
ser_4_145,281,212,144,136
ser_4_146,275,216,146,134
ser_4_147,277,216,144,137
ser_4_148,277,210,144,135
ser_4_149,274,211,143,139
ser_4_150,275,213,144,130
ser_4_151,267,217,140,137
ser_4_152,270,218,148,133
ser_4_153,277,214,150,133
ser_4_154,286,211,151,133
ser_4_155,282,201,156,138
ser_4_156,292,200,156,140
ser_4_157,294,195,161,145
ser_4_158,292,195,161,144
ser_4_159,299,193,157,146
ser_4_160,302,196,157,141
ser_4_161,301,196,158,141
ser_4_162,291,203,159,140
ser_4_163,280,213,148,130
ser_4_164,271,209,139,130
ser_4_165,266,208,135,132
ser_4_166,293,223,165,146
ser_4_167,301,222,167,147
ser_4_168,295,218,165,147
ser_4_169,291,223,169,146
ser_4_170,289,228,175,143
ser_4_171,290,230,176,142
ser_4_172,297,236,180,143
ser_4_173,305,231,177,146
ser_4_174,308,227,185,151
ser_4_175,314,218,190,157
ser_4_176,320,217,188,154
ser_4_177,320,215,187,158
ser_4_178,323,209,191,165
ser_4_179,330,213,194,169
ser_4_180,324,212,196,163
ser_4_181,330,213,198,168
ser_4_182,332,214,194,164
ser_4_183,333,215,193,166
ser_4_184,333,218,196,165
ser_4_185,330,214,196,167
ser_4_186,336,218,194,157
ser_4_187,332,219,191,166
ser_4_188,331,218,193,165
ser_4_189,332,220,189,159
ser_4_190,315,222,186,149
ser_4_191,310,228,185,149
ser_4_192,305,232,179,146
ser_4_193,301,227,180,144
ser_4_194,299,228,174,145
ser_4_195,291,230,171,143
ser_4_196,293,228,172,143
ser_4_197,294,228,172,147
ser_4_198,300,220,176,146
ser_4_199,305,219,175,146
ser_4_200,308,212,181,149
unc_10_1,249,253,209,138
unc_10_2,246,253,210,139
unc_10_3,243,251,210,138
unc_10_4,242,257,215,144
unc_10_5,238,261,216,142
unc_10_6,237,267,220,146
unc_10_7,241,269,223,146
unc_10_8,242,276,222,147
unc_10_9,245,279,224,150
unc_10_10,249,281,226,150
unc_10_11,237,265,216,129
unc_10_12,238,258,216,120
unc_10_13,232,263,214,120
unc_10_14,229,252,209,119
unc_10_15,227,248,208,114
unc_10_16,232,242,207,117
unc_10_17,232,236,199,114
unc_10_18,236,235,196,106
unc_10_19,242,232,194,107
unc_10_20,251,226,189,104
unc_10_21,255,222,182,102
unc_10_22,259,243,182,128
unc_10_23,253,238,179,128
unc_10_24,249,229,171,128
unc_10_25,246,222,164,125
unc_10_26,243,220,166,128
unc_10_27,238,217,167,126
unc_10_28,237,218,165,127
unc_10_29,236,218,166,127
unc_10_30,233,220,163,128
unc_10_31,234,216,164,126
unc_10_32,233,214,165,127
unc_10_33,233,210,167,128
unc_10_34,230,211,171,126
unc_10_35,228,214,170,128
unc_10_36,231,210,175,127
unc_10_37,228,209,171,129
unc_10_38,219,210,182,127
unc_10_39,224,212,182,127
unc_10_40,218,213,185,130
unc_10_41,208,219,185,132
unc_10_42,211,224,187,133
unc_10_43,212,226,197,134
unc_10_44,215,231,195,133
unc_10_45,216,238,203,137
unc_10_46,213,241,209,139
unc_10_47,214,244,206,141
unc_10_48,215,252,213,145
unc_10_49,217,256,213,147
unc_10_50,223,256,220,154
unc_10_51,228,256,230,155
unc_10_52,224,266,226,156
unc_10_53,221,269,230,162
unc_10_54,220,272,228,159
unc_10_55,222,279,235,160
unc_10_56,223,251,238,135
unc_10_57,225,254,239,135
unc_10_58,226,259,236,125
unc_10_59,229,262,243,135
unc_10_60,228,260,242,133
unc_10_61,228,260,242,135
unc_10_62,230,256,238,133
unc_10_63,224,260,244,133
unc_10_64,224,261,242,128
unc_10_65,217,256,240,128
unc_10_66,217,260,247,130
unc_10_67,208,257,249,134
unc_10_68,203,254,250,137
unc_10_69,204,253,254,138
unc_10_70,200,246,255,141
unc_10_71,201,246,259,143
unc_10_72,198,246,260,138
unc_10_73,199,246,260,148
unc_10_74,201,243,259,142
unc_10_75,210,229,275,137
unc_10_76,206,204,268,119
unc_10_77,203,204,271,121
unc_10_78,195,208,269,126
unc_10_79,191,210,276,129
unc_10_80,187,218,271,130
unc_10_81,185,220,272,131
unc_10_82,185,227,270,135
unc_10_83,186,229,263,136
unc_10_84,175,227,269,137
unc_10_85,183,220,274,129
unc_10_86,189,219,273,125
unc_10_87,195,222,270,111
unc_10_88,213,227,265,104
unc_10_89,218,228,252,96
unc_10_90,229,225,256,93
unc_10_91,237,221,247,89
unc_10_92,236,217,244,91
unc_10_93,237,211,242,88
unc_10_94,226,241,227,116
unc_10_95,222,235,230,110
unc_10_96,223,230,229,107
unc_10_97,217,226,226,101
unc_10_98,220,219,231,104
unc_10_99,223,223,227,97
unc_10_100,229,222,232,101
unc_10_101,229,221,229,100
unc_10_102,235,214,229,100
unc_10_103,234,219,229,103
unc_10_104,237,224,229,104
unc_10_105,240,224,227,107
unc_10_106,243,230,228,109
unc_10_107,242,229,229,109
unc_10_108,242,231,228,113
unc_10_109,249,232,230,117
unc_10_110,247,238,228,117
unc_10_111,248,242,234,121
unc_10_112,249,242,238,124
unc_10_113,254,241,237,126
unc_10_114,248,246,234,123
unc_10_115,252,253,237,126
unc_10_116,249,255,243,132
unc_10_117,250,261,245,134
unc_10_118,250,262,244,133
unc_10_119,250,263,248,133
unc_10_120,249,264,249,136
unc_10_121,259,263,254,135
unc_10_122,259,266,252,141
unc_10_123,270,259,257,139
unc_10_124,268,259,258,146
unc_10_125,274,255,256,144
unc_10_126,272,263,256,144
unc_10_127,276,258,263,145
unc_10_128,273,234,258,120
unc_10_129,270,242,257,116
unc_10_130,263,250,259,122
unc_10_131,259,251,258,128
unc_10_132,256,254,261,127
unc_10_133,256,252,255,130
unc_10_134,251,253,256,129
unc_10_135,248,253,258,130
unc_10_136,240,251,248,136
unc_10_137,243,249,251,135
unc_10_138,238,249,250,137
unc_10_139,242,246,254,139
unc_10_140,239,245,258,138
unc_10_141,232,245,248,138
unc_10_142,235,253,243,145
unc_10_143,226,251,244,141
unc_10_144,229,253,244,141
unc_10_145,227,257,241,149
unc_10_146,223,266,241,147
unc_10_147,227,239,236,122
unc_10_148,233,246,235,116
unc_10_149,237,246,237,121
unc_10_150,242,253,230,123
unc_10_151,243,252,230,123
unc_10_152,247,255,226,127
unc_10_153,251,259,231,126
unc_10_154,260,267,224,134
unc_10_155,255,275,223,135
unc_10_156,258,277,223,134
unc_10_157,257,284,225,140
unc_10_158,248,287,226,142
unc_10_159,242,258,224,114
unc_10_160,243,260,220,119
unc_10_161,237,257,226,120
unc_10_162,231,254,221,122
unc_10_163,225,252,227,123
unc_10_164,224,252,228,133
unc_10_165,226,245,227,136
unc_10_166,229,242,228,134
unc_10_167,230,240,233,138
unc_10_168,221,238,231,143
unc_10_169,225,236,237,144
unc_10_170,221,197,235,115
unc_10_171,215,200,237,116
unc_10_172,205,204,237,124
unc_10_173,200,206,239,119
unc_10_174,197,210,243,124
unc_10_175,189,211,243,124
unc_10_176,185,225,240,132
unc_10_177,181,223,241,132
unc_10_178,177,233,243,142
unc_10_179,168,230,238,140
unc_10_180,178,219,240,134
unc_10_181,182,217,239,123
unc_10_182,189,212,238,115
unc_10_183,204,211,226,112
unc_10_184,216,218,213,106
unc_10_185,222,222,207,110
unc_10_186,236,221,197,108
unc_10_187,246,221,197,106
unc_10_188,257,242,195,130
unc_10_189,254,233,192,118
unc_10_190,254,227,196,112
unc_10_191,245,217,196,102
unc_10_192,240,212,201,98
unc_10_193,236,205,205,90
unc_10_194,251,232,221,114
unc_10_195,254,225,226,111
unc_10_196,256,221,228,104
unc_10_197,262,212,225,92
unc_10_198,269,205,222,85
unc_10_199,268,193,210,83
unc_10_200,278,226,231,115
